{"stats":{"minecraft:picked_up":{"minecraft:sand":1,"minecraft:azure_bluet":1,"minecraft:oak_log":4},"minecraft:mined":{"minecraft:grass":2,"minecraft:oak_log":4},"minecraft:used":{"minecraft:sand":1},"minecraft:custom":{"minecraft:jump":103,"minecraft:deaths":1,"minecraft:time_since_rest":1974,"minecraft:crouch_one_cm":613,"minecraft:damage_dealt":32,"minecraft:play_one_minute":2758,"minecraft:walk_on_water_one_cm":393,"minecraft:sprint_one_cm":11808,"minecraft:damage_taken":146,"minecraft:time_since_death":1955,"minecraft:walk_one_cm":12794,"minecraft:sneak_time":50,"minecraft:fall_one_cm":4802,"minecraft:fly_one_cm":37573,"minecraft:leave_game":1}},"DataVersion":2586}