{"stats":{"minecraft:killed":{"minecraft:zombie":1,"minecraft:spider":1},"minecraft:picked_up":{"minecraft:azure_bluet":1,"minecraft:andesite":8,"minecraft:sand":6,"minecraft:oak_log":4,"minecraft:diorite":11,"minecraft:rotten_flesh":2,"minecraft:granite":13,"minecraft:iron_ore":17,"minecraft:coal":25,"minecraft:cobblestone":168},"minecraft:mined":{"minecraft:iron_ore":17,"minecraft:andesite":12,"minecraft:azure_bluet":1,"minecraft:granite":14,"minecraft:grass":6,"minecraft:oak_log":5,"minecraft:coal_ore":25,"minecraft:sand":6,"minecraft:tall_grass":3,"minecraft:stone":195,"minecraft:diorite":11,"minecraft:oak_leaves":1},"minecraft:crafted":{"minecraft:oak_planks":12,"minecraft:crafting_table":1,"minecraft:stick":8,"minecraft:wooden_pickaxe":1,"minecraft:iron_ingot":6,"minecraft:iron_pickaxe":1,"minecraft:stone_pickaxe":1,"minecraft:furnace":1,"minecraft:air":0},"minecraft:broken":{"minecraft:stone_pickaxe":1},"minecraft:used":{"minecraft:oak_log":1,"minecraft:stone_pickaxe":117,"minecraft:iron_pickaxe":124,"minecraft:wooden_pickaxe":47,"minecraft:sand":4,"minecraft:cobblestone":2,"minecraft:crafting_table":1,"minecraft:furnace":1},"minecraft:custom":{"minecraft:time_since_rest":8996,"minecraft:interact_with_furnace":4,"minecraft:sprint_one_cm":16430,"minecraft:damage_taken":108,"minecraft:walk_one_cm":20797,"minecraft:mob_kills":2,"minecraft:damage_dealt":364,"minecraft:interact_with_crafting_table":7,"minecraft:fly_one_cm":20375,"minecraft:crouch_one_cm":9575,"minecraft:play_one_minute":8996,"minecraft:sneak_time":3832,"minecraft:jump":96,"minecraft:leave_game":1,"minecraft:time_since_death":8996,"minecraft:fall_one_cm":2976}},"DataVersion":2586}