{"stats":{"minecraft:picked_up":{"minecraft:oak_log":6,"minecraft:oak_sapling":1,"minecraft:dirt":3},"minecraft:crafted":{"minecraft:crafting_table":1,"minecraft:oak_planks":24,"minecraft:stick":4,"minecraft:wooden_pickaxe":1},"minecraft:mined":{"minecraft:grass_block":1,"minecraft:oak_log":6,"minecraft:dirt":2,"minecraft:sand":1},"minecraft:used":{"minecraft:crafting_table":1},"minecraft:custom":{"minecraft:jump":38,"minecraft:time_since_rest":1167,"minecraft:leave_game":1,"minecraft:damage_dealt":10,"minecraft:play_one_minute":1167,"minecraft:sprint_one_cm":10227,"minecraft:damage_taken":4,"minecraft:time_since_death":1167,"minecraft:walk_one_cm":7605,"minecraft:interact_with_crafting_table":1,"minecraft:fall_one_cm":1254,"minecraft:fly_one_cm":11535}},"DataVersion":2586}